School_Code|Building_Status|Tot_Clrooms|Classrooms_in_Good_Condition|Classrooms_require_major_repair|Classrooms_require_minor_repair|Other_rooms_in_Good_Cond|Other_rooms_need_major_rep|Other_rooms_need_minor_rep|Toilet_Common|Toilet_Boys|Toilet_Girls|Kitchen_Devices_Grant|Status_of_MDM|Computer_Aided_Learnin_Lab|Separate_Room_for_HeadMaster|Electricity|Boundary_Wall|Library_YN|PlayGround|Blackboard|Books_in_library|Drinking_Water|Medical_Checkup|Ramps|No_of_Computers|Male_Tch|Female_Tch|NoResp_Tch|Head_Teacher|Graduate_Teachers|Tch_with_professional_Qualification|Days_involved_in_non_tch_assgn|Teachers_involved_in_non_tch_assgn
29280200102|4|1|1|0|0|0|0|0|1|1|2|2|3|2|2|1|5|1|1|1|90|3|1|2|0|2|0|0|0|2|0|8|2
29280200403|3|7|7|0|0|2|0|0|1|1|2|2|3|1|1|1|1|1|2|3|1350|3|1|2|10|0|4|0|1|0|0|0|0
29280200405|3|2|2|0|0|1|0|0|0|1|1|2|3|1|2|1|1|1|1|2|90|4|2|2|0|0|3|0|0|0|0|0|0
29280200406|3|2|2|0|0|2|0|0|0|1|1|2|3|2|2|1|5|1|2|3|43|2|1|1|0|1|2|0|0|1|1|0|0
29280200407|3|4|4|0|0|1|0|0|1|2|2|2|3|2|1|1|1|1|1|4|1500|4|1|1|0|1|3|0|1|0|0|0|0
29280200603|3|7|7|0|0|2|0|0|1|1|1|2|3|2|1|1|1|1|1|5|3128|3|2|1|0|0|7|0|1|1|0|0|0
29280201203|3|16|4|8|4|2|0|1|0|2|2|2|3|2|1|1|4|1|1|16|2213|1|1|1|2|4|10|0|1|2|1|0|0
29280201301|3|6|5|0|1|0|0|0|2|2|2|2|3|1|1|1|7|1|1|6|916|3|1|1|0|1|5|0|1|1|0|0|0
29280201501|3|3|2|1|0|0|0|0|1|0|0|2|3|2|2|1|5|1|1|4|320|3|1|1|0|0|3|0|0|1|1|0|0
29280201601|3|2|2|0|0|0|0|0|1|0|0|2|3|2|2|1|1|1|2|4|100|3|1|1|0|1|1|0|1|0|0|0|0
29280201701|3|15|11|0|4|2|0|0|2|2|2|2|3|2|2|1|4|1|1|11|1861|3|1|1|3|3|14|0|1|0|1|0|0
29280201802|3|9|5|4|0|0|2|0|0|2|2|2|3|2|1|1|2|1|2|6|900|3|1|1|0|4|8|0|1|0|0|0|0
29280201902|3|8|8|0|0|0|1|1|1|1|1|2|3|2|2|1|1|1|1|6|280|3|1|1|5|3|6|0|1|0|8|0|0
29280202001|3|10|5|0|3|1|0|0|0|3|3|2|3|3|1|1|1|1|1|10|850|3|1|1|3|3|9|0|1|1|0|0|0
29280202101|3|2|1|1|0|1|0|0|0|1|1|2|3|2|2|1|5|1|1|2|450|3|1|1|0|2|0|0|0|0|0|0|0
29280202401|3|2|2|0|0|0|0|0|0|1|1|1|3|2|2|1|1|1|1|2|250|3|1|1|0|2|0|0|0|0|0|0|0
29280202601|3|5|4|0|1|2|2|1|0|2|5|2|3|1|1|1|1|1|1|9|1339|3|1|1|3|3|2|0|1|0|0|0|0
29280202701|3|3|0|1|2|1|0|0|0|2|2|1|3|2|2|1|1|1|1|3|150|3|1|1|0|0|4|0|0|0|0|0|0
29280202804|3|18|14|3|1|3|0|0|1|3|5|2|3|2|1|1|1|1|1|18|1600|2|1|2|5|3|18|0|1|1|0|0|0
29280202813|3|7|5|0|2|1|0|0|0|2|2|2|3|1|1|1|1|1|1|7|697|3|1|1|0|0|8|0|1|1|0|0|0
29280202837|4|2|1|0|0|0|0|0|0|0|1|2|3|2|2|1|5|1|2|1|0|2|2|2|2|0|2|0|0|0|0|0|0
29280202902|3|3|2|0|0|1|0|0|0|1|1|2|3|2|1|1|1|1|2|3|500|4|1|2|0|1|4|0|0|0|3|0|0
29280202911|4|3|0|0|2|0|0|0|0|1|1|2|3|2|2|1|5|1|2|2|50|4|1|2|0|0|3|0|0|0|0|2|1
29280203006|3|4|4|0|0|1|0|0|2|2|2|2|3|2|2|1|3|1|1|8|301|3|1|2|0|1|4|0|0|0|0|0|0
29280203104|3|15|13|0|2|3|0|1|1|3|4|2|3|1|1|1|1|1|2|17|2500|4|1|2|5|2|12|0|1|3|14|0|0
29280203121|3|2|2|0|0|2|0|0|0|1|1|2|3|2|1|1|5|1|1|4|40|3|1|2|0|0|2|0|0|0|0|0|0
29280203205|3|7|7|0|0|2|0|0|1|1|2|2|3|1|2|1|1|1|2|9|1655|3|1|1|5|2|8|0|1|0|9|0|0
29280203306|3|8|8|0|0|2|0|0|2|2|2|2|3|1|1|1|1|1|1|15|1600|3|1|1|6|1|10|0|1|0|0|0|0
29280203308|3|1|0|0|1|1|0|0|0|1|1|2|3|2|2|1|5|1|2|2|97|3|1|2|0|0|2|0|0|1|1|0|0
29280203309|3|15|15|0|0|1|0|0|2|3|3|2|3|1|1|1|5|1|1|13|1122|3|1|2|5|1|16|0|1|0|12|0|0
29280203310|2|7|7|0|0|1|0|0|1|2|3|2|3|2|1|1|1|1|1|8|1000|3|1|2|2|0|4|0|1|0|0|0|0
29280203337|3|1|1|0|0|1|0|0|0|1|1|2|3|2|2|1|1|1|2|2|211|3|1|2|0|0|2|0|0|0|0|0|0
29280203407|3|3|3|0|0|0|0|0|0|1|1|2|3|2|2|1|1|1|2|2|99|3|1|2|1|1|2|0|1|0|0|0|0
29280203504|3|16|16|0|0|3|0|0|2|4|4|2|3|2|1|1|1|1|1|13|1107|3|1|1|8|2|13|0|1|1|0|0|0
29280203701|3|9|9|0|0|2|0|0|0|1|1|2|3|1|2|1|1|1|1|9|2500|3|1|1|1|2|4|0|1|1|0|0|0
29280203801|3|4|4|0|0|1|0|0|0|1|1|2|3|2|2|1|1|1|1|5|2200|3|1|1|1|1|3|0|2|0|0|0|0
29280203901|3|10|6|2|2|2|0|0|0|1|1|2|3|2|2|1|5|1|2|10|1194|3|1|1|0|1|7|0|1|0|0|0|0
29280203903|3|4|4|0|0|1|0|0|0|1|1|2|3|2|2|1|5|1|1|8|200|3|1|1|1|2|1|0|0|1|0|0|0
29280203910|3|1|1|0|0|0|0|0|0|1|1|2|3|2|1|1|4|1|2|1|343|3|1|2|0|2|0|0|0|0|0|0|0
29280203911|3|5|5|0|0|2|0|0|1|1|1|2|3|2|1|1|1|1|1|5|1012|3|1|1|0|2|2|0|0|0|0|0|0
29280204001|3|4|4|0|0|1|0|0|1|1|1|2|3|2|2|1|2|1|1|6|1000|3|1|1|0|3|1|0|0|1|0|0|0
29280204201|3|3|3|0|0|1|0|0|0|1|1|2|3|1|2|1|4|1|1|1|250|3|1|1|0|1|1|0|0|0|0|0|0
29280204301|3|2|1|0|1|1|0|0|0|1|1|2|3|2|1|1|1|1|2|2|460|4|1|2|0|1|1|0|0|0|2|0|0
29280204401|3|1|1|0|0|0|0|0|0|1|1|2|3|2|2|1|5|1|2|3|305|3|1|2|0|1|1|0|0|0|0|0|0
29280204501|3|2|0|2|0|1|0|0|0|1|1|2|3|2|2|1|1|1|2|1|545|3|1|2|0|0|2|0|0|0|0|0|0
29280204601|3|2|1|1|0|1|0|0|0|1|1|2|3|2|2|1|5|1|2|4|350|3|1|2|0|0|2|0|0|0|0|0|0
29280204602|3|2|2|0|0|1|0|0|1|1|1|2|3|2|1|1|5|1|1|2|100|3|1|2|0|1|1|0|0|0|0|0|0
29280204802|3|7|7|0|0|4|0|0|1|1|1|2|3|3|2|1|1|1|2|7|1758|3|1|1|2|1|6|0|0|0|0|0|0
29280204901|3|5|5|0|0|3|0|0|2|1|1|2|3|2|2|1|7|1|1|4|911|3|1|1|0|1|3|0|1|1|0|0|0
29280205001|3|1|0|1|0|2|0|0|1|3|3|2|3|2|2|1|1|1|2|2|350|3|1|1|0|0|2|0|1|0|1|0|0
29280205101|3|2|2|0|0|0|0|0|0|1|1|1|3|2|2|1|1|1|2|2|314|3|1|1|0|1|0|0|0|0|0|0|0
29280205201|3|2|0|2|0|0|3|0|0|1|1|1|3|2|2|1|5|1|2|2|150|3|2|1|0|1|1|0|0|0|0|0|0
29280205301|3|2|2|0|0|0|0|1|0|1|1|1|3|2|1|1|4|1|2|2|491|3|1|1|0|0|2|0|0|0|0|0|0
29280205401|3|2|2|0|0|0|0|0|1|1|1|2|3|2|2|1|5|1|1|5|153|3|1|1|0|1|1|0|0|0|0|0|0
29280205502|3|9|3|0|0|0|2|0|1|1|1|2|3|2|1|1|1|1|1|11|1208|3|1|1|7|4|7|0|1|0|0|0|0
29280205601|3|8|4|2|2|3|0|0|1|1|1|2|3|2|1|1|1|1|1|11|2000|3|1|1|0|4|6|0|0|0|0|0|0
29280205701|3|6|4|1|1|1|0|0|1|1|1|2|3|2|1|1|1|1|1|6|2850|3|1|1|0|3|1|0|1|0|0|0|0
29280205801|3|2|2|0|0|1|0|0|1|1|1|2|3|2|2|1|1|1|1|2|10|3|1|1|0|1|1|0|0|0|0|0|0
29280205901|3|2|0|0|0|0|0|0|1|1|1|2|3|2|2|1|5|1|1|2|216|3|1|1|0|1|1|0|0|0|0|0|0
29280206001|3|2|2|0|0|2|0|0|1|1|1|2|3|2|2|1|5|1|1|5|462|3|1|1|0|1|1|0|0|1|1|0|0
29280206101|3|2|1|0|1|1|0|0|1|1|1|2|3|2|2|1|5|1|2|2|110|10|1|2|0|2|0|0|0|0|0|0|0
29280206201|3|1|1|0|0|0|0|0|1|1|1|1|3|2|2|1|5|1|1|2|315|3|1|1|0|0|2|0|0|0|0|0|0
29280206301|3|7|3|2|2|1|0|0|1|1|1|2|3|2|1|1|1|1|2|7|1164|3|1|1|0|2|6|0|1|0|0|0|0
29280206401|3|12|12|0|0|4|0|0|1|2|1|2|3|1|1|1|1|1|1|9|1361|10|1|1|5|2|9|0|1|0|0|0|0
29280206403|3|6|6|0|0|2|0|0|1|1|1|2|3|2|2|1|1|1|1|10|456|3|1|1|0|1|5|0|1|0|0|0|0
29280206501|3|8|6|0|2|3|0|4|1|1|1|2|3|1|1|1|1|1|1|8|3010|3|1|1|4|1|6|0|1|1|0|0|0
29280206601|3|2|2|0|0|2|0|0|1|1|1|2|3|2|1|1|1|1|2|2|120|3|1|1|0|2|1|0|0|0|0|0|0
29280206602|3|5|3|2|0|0|0|2|1|1|1|2|3|2|1|1|1|1|1|5|995|3|1|1|1|1|3|0|1|0|0|0|0
29280206801|3|2|2|0|0|1|0|0|1|1|1|2|3|2|2|1|1|1|1|2|30|10|1|1|0|0|2|0|0|0|0|0|0
29280206901|3|7|2|0|0|7|0|0|1|1|1|2|3|2|1|1|4|1|2|6|1741|3|1|2|0|1|5|0|1|0|0|0|0
29280207001|3|6|3|1|2|0|0|0|1|1|1|2|3|2|2|1|1|1|2|7|3421|3|1|1|5|3|3|0|1|0|0|0|0
29280207301|3|9|9|0|0|4|0|0|1|1|1|2|3|2|1|1|2|1|1|1|3960|4|2|1|5|2|9|0|1|1|1|0|0
29280207302|3|3|3|0|0|2|0|0|1|1|1|2|3|2|2|1|3|1|2|3|754|3|1|2|0|1|3|0|0|0|0|0|0
29280207401|3|2|2|0|0|1|0|0|1|1|1|2|3|2|2|1|7|1|2|2|0|3|1|2|0|1|1|0|0|0|0|0|0
29280207404|3|19|19|0|0|3|0|0|1|3|3|2|3|1|1|1|1|1|2|20|1220|3|1|1|13|7|11|0|1|1|0|0|0
29280207406|3|2|2|0|0|1|0|0|1|2|2|2|3|1|1|1|8|1|1|2|50|3|1|1|0|1|1|0|0|0|0|20|2
29280207501|3|5|3|0|2|2|0|0|2|2|2|2|3|2|1|1|3|1|1|5|420|3|1|1|0|2|3|0|1|0|0|0|0
29280207601|3|17|17|0|0|3|0|0|1|3|3|1|3|1|1|1|1|1|1|22|1636|3|1|1|7|2|18|0|2|0|0|0|0
29280207703|3|6|6|0|0|2|0|0|0|1|1|2|3|2|1|1|7|1|1|8|1200|10|1|1|1|5|1|0|1|0|0|603|3
29280207801|3|5|2|1|2|1|0|0|0|1|1|2|3|2|2|1|1|1|2|6|485|4|1|2|0|3|0|0|0|0|1|1|1
29280207901|3|3|3|0|0|0|0|0|0|1|1|2|3|2|2|1|1|1|2|3|539|3|1|1|0|0|2|0|0|0|0|0|0
29280208001|3|2|2|0|0|1|0|0|1|1|1|2|3|2|2|1|1|1|2|3|50|10|1|1|0|2|0|0|0|0|0|0|0
29280208401|3|6|6|0|0|0|0|0|2|2|2|2|3|2|2|1|5|1|1|6|2270|3|1|1|5|0|10|0|1|0|0|0|0
29280208601|4|2|2|0|0|0|0|0|0|1|1|2|3|2|2|1|1|1|1|2|36|4|1|1|0|0|2|0|0|0|0|0|0
29280208607|3|23|23|0|0|5|0|0|1|1|1|2|3|2|1|1|7|1|1|20|2700|3|1|1|5|5|30|0|2|4|1|9|3
29280208608|4|10|10|0|0|1|0|0|0|1|1|1|2|1|1|1|1|1|1|10|124|3|1|2|1|1|6|0|0|1|0|0|0
29280208609|4|6|2|2|2|0|0|0|0|1|1|1|2|2|2|1|5|1|2|7|500|3|1|2|0|0|6|0|0|0|0|0|0
29280208625|3|2|2|0|0|2|0|0|0|1|1|2|3|2|1|1|5|1|1|4|0|1|1|1|0|0|3|0|0|0|0|0|0
29280208813|3|6|6|0|0|4|0|0|0|2|2|2|3|2|1|1|1|1|2|8|1349|3|1|2|0|0|4|0|1|0|0|0|0
29280208821|3|6|6|0|0|1|0|0|1|1|1|2|3|2|2|1|1|1|2|5|3500|3|1|1|4|1|3|0|1|1|4|0|0
29280208822|3|5|5|0|0|3|0|0|0|6|6|2|3|2|1|1|1|1|2|10|1000|3|1|1|1|1|4|0|1|1|5|0|0
29280209101|3|11|8|0|0|4|0|0|2|3|3|2|3|2|1|1|1|1|2|19|1192|3|2|2|2|2|7|0|1|0|0|0|0
29280209201|3|21|21|0|0|1|0|0|2|2|2|1|3|1|2|1|1|1|1|21|1200|3|1|1|8|8|20|0|0|1|0|0|0
29280209209|3|2|2|0|0|1|0|0|1|1|1|1|3|1|1|1|5|1|1|4|0|4|1|1|0|0|2|0|0|0|0|0|0
29280209401|3|3|1|2|0|1|0|0|2|1|1|2|3|2|2|1|1|1|2|3|352|3|1|1|0|1|1|0|0|0|0|0|0
29280229204|3|7|7|0|0|5|0|0|1|2|2|2|3|1|1|1|1|1|2|7|1712|3|1|2|5|0|9|0|1|2|0|0|0
29280229802|3|7|5|0|2|2|0|0|1|1|2|2|3|2|1|1|1|1|1|7|216|3|1|1|0|1|6|0|1|0|0|0|0
29280230201|3|12|0|0|11|0|0|3|1|2|2|2|3|2|1|1|1|1|2|10|1710|3|1|1|0|1|6|0|1|0|0|0|0
29280230301|3|7|0|0|7|0|0|5|1|3|3|2|3|1|1|1|2|1|1|7|371|3|1|2|4|2|8|0|1|0|0|0|0
29280230504|3|4|4|0|0|0|0|0|1|1|2|2|3|2|2|1|5|1|2|4|0|3|1|1|0|0|8|0|1|1|8|0|0
29280231501|3|2|2|0|0|1|0|0|1|1|1|2|3|2|1|1|7|1|1|2|235|3|1|1|0|1|1|0|0|0|0|0|0
29280231601|3|4|4|0|0|0|0|0|1|1|1|1|3|2|1|1|4|1|2|8|0|3|1|1|0|4|1|0|0|0|0|0|0
29280231701|3|2|2|0|0|0|0|0|1|1|1|1|3|2|1|1|1|1|1|4|100|3|1|1|0|1|1|0|0|0|0|0|0
29280231801|3|10|6|0|4|2|0|2|1|12|12|1|3|2|1|1|7|1|1|14|20100|3|1|1|13|6|7|0|1|1|1|0|0
29280231804|3|8|6|0|0|1|0|0|1|1|1|1|3|2|1|1|1|1|2|8|408|3|1|1|0|2|5|0|1|0|0|0|0
29280231805|3|2|2|0|0|1|0|0|1|1|1|1|3|2|2|1|1|1|1|3|20|3|1|1|0|0|3|0|0|0|0|0|0
29280231901|3|2|0|0|1|1|0|0|1|1|1|1|3|2|2|1|1|1|2|2|450|3|1|1|0|1|1|0|0|0|0|0|0
29280232001|3|1|1|0|0|1|0|0|1|0|0|2|3|2|2|1|5|1|1|1|30|3|1|1|0|1|1|0|0|0|1|0|0
29280232101|3|2|1|0|0|0|0|0|1|1|1|1|3|2|2|1|1|1|1|3|400|3|1|1|0|0|2|0|0|0|0|0|0
29280232201|3|2|1|0|0|0|0|0|1|1|1|1|3|1|2|1|1|1|1|5|40|3|1|1|1|0|2|0|0|0|0|0|0
29280232303|3|3|3|0|0|0|0|0|1|1|1|2|3|2|2|1|3|1|1|3|450|3|1|2|0|1|1|0|0|0|0|0|0
29280232319|3|10|10|0|0|2|0|0|1|2|2|2|3|1|1|1|5|1|2|25|1850|3|1|2|6|4|5|0|1|0|0|0|0
29280232401|3|8|3|1|3|0|0|0|1|2|2|1|3|2|1|1|5|1|1|11|1200|4|1|1|0|5|2|0|1|0|0|0|0
29280232501|3|1|1|0|0|1|0|0|1|1|2|2|3|2|2|1|7|1|2|2|20|2|2|1|0|1|1|0|0|0|0|0|0
29280232601|3|1|0|0|0|0|0|0|1|1|1|2|3|2|2|1|5|1|2|2|10|3|1|2|0|1|1|0|0|0|0|0|0
29280233301|3|16|16|0|0|4|0|0|2|2|2|2|3|2|1|1|1|1|1|18|3500|1|1|1|6|1|8|0|1|3|8|0|0
29280233401|3|11|11|0|0|2|0|0|1|5|5|2|3|2|1|1|1|1|1|11|704|4|1|1|4|3|10|0|0|0|0|0|0
29280233501|3|9|9|0|0|8|0|0|1|1|1|2|3|2|2|1|1|1|1|9|2219|3|1|1|8|3|9|0|1|3|8|0|0
29280233601|3|4|4|0|0|1|0|0|1|1|1|2|3|2|1|1|5|1|1|4|200|3|1|1|0|1|2|0|0|0|0|0|0
29280233701|3|7|7|0|0|2|0|0|1|1|2|2|3|2|1|1|1|1|1|7|508|3|1|1|0|1|6|0|1|0|0|0|0
29280500202|3|2|2|0|0|2|0|0|1|1|1|2|3|2|2|1|1|1|1|1|81|3|1|1|1|0|2|0|0|0|0|0|0
29280500203|2|4|4|0|0|1|0|0|1|1|1|2|3|2|2|1|5|1|2|5|400|3|1|2|0|0|3|0|0|0|0|50|3
29280500309|2|6|6|0|0|0|0|0|2|0|0|1|3|1|1|1|1|1|2|6|600|3|1|2|1|0|9|0|1|0|0|0|0
29280500310|3|21|21|0|0|1|0|0|5|5|5|2|3|1|1|1|1|1|1|1|2236|3|1|1|8|1|16|0|1|0|0|34|17
29280500311|3|4|4|0|0|1|0|0|1|1|1|1|3|2|1|1|1|1|2|7|115|3|1|1|1|0|3|0|0|0|0|0|0
29280500312|3|6|6|0|0|1|0|0|2|3|4|2|3|2|1|1|4|1|2|6|180|3|1|1|1|0|5|0|0|0|0|25|5
29280500313|2|4|4|0|0|0|0|0|2|1|1|1|3|2|2|1|1|1|2|4|290|3|1|1|0|0|5|0|0|0|0|0|0
29280500325|3|4|4|0|0|1|0|0|1|0|1|2|3|2|2|1|1|1|2|4|582|3|1|1|0|0|4|0|1|0|0|8|4
29280500340|3|7|7|0|0|2|0|0|0|2|2|2|3|1|1|1|1|1|2|7|915|3|1|1|2|1|7|0|1|0|0|32|8
29280500341|4|2|2|0|0|0|0|0|1|1|1|2|3|2|2|1|5|1|2|1|97|3|1|2|0|0|2|0|0|0|0|3|1
29280500357|3|15|15|0|0|2|0|0|2|3|2|1|3|1|1|1|1|1|1|17|3000|3|1|1|5|0|16|0|0|0|0|0|0
29280500359|3|7|7|0|0|3|0|0|0|4|4|1|3|2|1|1|1|1|2|8|377|3|1|1|9|0|6|0|5|0|0|0|0
29280500373|3|8|8|0|0|2|0|0|2|2|2|2|3|2|1|1|1|1|1|6|768|3|2|2|0|1|7|0|1|0|0|0|0
29280500421|3|9|9|0|0|5|0|0|0|2|2|2|3|2|1|1|5|1|1|18|1800|3|1|1|12|2|8|0|0|0|0|46|10
29280500601|3|1|1|0|0|0|0|0|0|1|1|2|3|1|2|1|1|1|1|2|932|3|1|2|3|0|2|0|0|0|0|0|0
29280500614|2|4|3|0|1|3|0|1|0|1|2|2|3|2|1|1|1|1|2|7|4512|3|1|2|1|0|3|0|1|0|0|0|0
29280500618|3|7|7|0|0|3|0|0|1|2|1|1|3|1|1|1|1|1|1|7|3741|3|1|2|1|0|6|0|0|1|1|0|0
29280500619|3|13|13|0|0|0|0|6|1|6|6|1|3|2|1|1|1|1|1|13|1200|3|1|1|13|1|8|0|2|0|2|0|0
29280500706|3|7|7|0|0|3|0|0|1|3|3|1|3|2|1|1|1|1|1|7|3328|3|2|2|1|2|3|0|1|0|0|0|0
29280500712|3|3|0|0|3|1|0|1|0|2|2|2|3|2|2|1|1|1|1|5|0|3|1|2|0|0|3|0|0|0|0|16|3
29280500732|3|7|7|0|0|15|0|0|1|1|1|2|3|1|1|1|1|1|1|7|1400|10|1|1|12|0|7|0|0|0|0|0|0
29280500739|2|6|6|0|0|2|0|0|0|2|3|2|3|2|1|1|1|1|2|2|1400|3|1|2|0|1|5|0|0|0|0|0|0
29280500756|3|6|6|0|0|1|0|0|0|2|2|1|3|2|1|1|1|1|1|6|0|3|1|1|3|1|3|0|1|0|0|30|3
29280500805|3|4|2|0|2|0|0|1|2|2|2|2|3|2|1|1|1|1|1|6|3525|3|1|1|1|0|3|0|0|0|1|11|2
29280500807|4|2|0|2|0|0|1|0|3|0|1|2|3|2|1|1|5|1|2|9|908|3|1|2|0|0|2|0|0|0|0|0|0
29280500808|3|9|0|9|0|0|0|4|1|1|3|1|3|1|1|1|1|1|1|9|3700|3|1|1|2|2|6|0|1|6|0|0|0
29280500814|3|1|0|0|0|0|0|0|2|0|0|2|3|2|1|1|1|1|1|3|1371|3|1|1|0|0|3|0|0|0|0|12|3
29280500815|3|4|2|0|2|2|0|1|0|2|2|2|3|1|1|1|1|1|1|4|1655|3|1|1|2|0|4|0|0|0|0|0|0
29280500816|3|2|0|0|2|0|0|1|2|2|2|2|3|2|2|1|1|1|1|6|222|4|1|2|0|0|2|0|0|0|0|18|2
29280500909|2|4|4|0|0|1|0|0|1|1|1|1|3|2|2|1|5|1|2|4|147|3|1|2|0|1|2|0|2|0|1|20|3
29280500918|1|13|13|0|0|1|0|0|0|2|2|2|3|3|1|1|5|1|1|20|625|3|1|2|3|6|6|0|1|0|0|48|12
29280500931|3|9|9|0|0|1|0|0|2|5|5|2|3|1|1|1|1|1|1|9|1200|3|1|2|3|0|8|0|1|0|0|17|7
29280500932|3|5|5|0|0|1|0|0|1|1|1|2|3|1|1|1|1|1|2|10|450|3|1|2|5|0|5|0|0|0|0|35|5
29280501002|4|2|0|0|0|0|0|0|1|1|1|2|3|2|2|3|5|1|2|4|500|4|1|2|0|1|1|0|0|0|0|0|0
29280501003|2|1|1|0|0|0|0|0|1|0|0|2|3|2|2|1|5|1|2|4|600|4|1|2|0|0|2|0|0|0|0|0|0
29280501004|3|8|8|0|0|2|0|0|0|4|5|2|3|1|1|1|1|1|1|8|1501|3|1|1|7|1|7|0|1|0|1|0|0
29280501020|3|7|7|0|0|1|0|0|1|1|1|2|3|1|1|1|1|1|1|11|3500|3|1|1|2|0|4|0|0|0|0|0|0
29280501105|2|7|7|0|0|2|0|0|1|1|1|1|3|2|1|1|1|1|1|9|518|4|1|2|1|1|6|0|1|0|0|0|0
29280501107|3|4|4|0|0|0|0|0|3|0|2|1|3|2|2|1|5|1|2|6|285|3|1|2|0|1|4|0|0|0|0|0|0
29280501114|2|1|0|0|1|0|0|0|1|1|1|1|3|2|2|1|5|1|2|7|625|3|1|2|1|0|2|0|0|0|0|1|1
29280501205|3|7|7|0|0|3|0|0|0|4|4|1|3|2|1|1|1|1|2|8|377|3|1|1|9|0|6|0|5|0|0|0|0
29280501206|3|16|16|0|0|1|0|0|0|12|3|2|3|2|1|1|1|1|1|10|4648|3|1|2|15|2|11|0|1|0|0|61|12
29280501222|3|15|15|0|0|2|0|0|2|4|1|1|3|1|1|1|5|1|1|17|3000|3|1|1|5|1|15|0|0|0|0|0|0
29280501301|3|14|7|0|7|0|0|0|3|0|0|1|3|2|1|1|1|1|1|14|2540|3|2|1|2|0|5|0|1|0|0|5|1
29280501302|4|2|0|0|2|0|0|0|1|1|0|2|3|2|2|1|5|1|1|3|337|4|1|2|1|1|1|0|0|0|0|0|0
29280501303|3|2|2|0|0|0|0|0|1|1|1|2|3|2|2|1|1|1|2|4|300|3|1|2|1|0|2|0|0|0|0|0|0
29280501304|3|4|0|0|4|1|0|0|1|1|1|1|3|2|1|1|1|1|2|5|650|3|1|1|0|1|1|0|0|0|0|0|0
29280501305|3|7|7|0|0|2|0|0|0|1|1|1|3|2|1|1|1|1|1|8|2000|3|1|1|1|2|3|0|1|1|0|0|0
29280502202|3|5|0|0|0|0|0|0|0|1|1|1|3|1|2|1|1|1|1|5|450|3|1|1|1|0|4|0|1|0|0|38|4
29280502206|3|2|2|0|0|3|0|0|1|1|1|1|3|2|2|1|5|1|2|4|240|3|1|1|0|0|1|0|0|0|0|0|0
29280502301|3|8|8|0|0|4|0|0|0|8|2|1|3|1|1|1|1|1|1|30|3400|3|1|1|9|1|3|0|1|0|0|4|1
29280502302|3|10|10|0|0|0|8|0|0|0|5|1|3|1|1|1|1|1|1|12|2500|3|1|2|5|4|3|0|1|0|1|0|0
29280502303|4|2|2|0|0|0|0|0|1|0|0|2|3|2|2|1|5|1|2|2|100|3|1|2|0|0|2|0|0|0|0|0|0
29280502401|4|7|7|0|0|1|0|0|0|2|2|1|3|1|1|1|1|1|1|10|1005|3|1|2|3|1|6|0|1|0|1|0|0
29280502402|2|3|3|0|0|0|0|0|1|0|1|1|3|2|2|1|5|1|2|6|180|3|1|2|0|0|4|0|0|0|0|0|0
29280502415|3|9|2|2|5|0|0|1|0|3|5|1|3|2|1|1|1|1|1|9|3080|3|1|2|3|0|11|0|0|0|2|0|0
29280502511|4|4|4|0|0|2|0|0|1|1|0|2|3|2|1|3|5|1|2|4|4500|4|1|2|0|0|1|0|0|0|0|0|0
29280502605|3|7|7|0|0|2|0|0|3|0|1|2|3|1|2|1|1|1|2|7|5000|3|1|1|8|2|4|0|1|0|0|26|6
29280502606|3|7|0|0|7|0|0|2|0|1|1|2|3|1|1|1|1|1|1|7|873|3|1|1|6|0|4|0|1|0|0|31|3
29280600105|3|12|12|0|0|4|0|0|0|3|4|2|2|1|1|1|5|1|1|10|750|3|1|2|5|3|9|0|1|0|2|0|0
29280600106|3|6|6|0|0|3|0|0|1|1|1|2|3|2|1|1|1|1|2|8|532|3|2|2|0|0|5|0|1|0|0|0|0
29280600107|3|5|5|0|0|1|0|0|1|2|2|2|3|2|2|1|1|1|2|8|300|3|1|1|0|0|3|0|1|0|0|0|0
29280600126|3|6|4|0|0|0|0|0|0|1|1|2|3|2|2|1|1|1|1|9|390|3|1|1|4|0|3|0|0|0|2|0|0
29280600153|4|4|4|0|0|0|0|0|1|1|1|2|3|2|2|1|1|1|2|5|136|3|1|2|0|0|3|0|0|0|0|0|0
29280600303|3|8|8|0|0|8|0|0|0|3|3|2|3|2|2|1|1|1|1|8|639|3|1|2|0|1|10|0|0|0|0|9|3
29280600304|3|2|2|0|0|0|0|0|0|2|2|2|3|2|2|1|6|1|2|5|429|4|1|2|0|2|1|0|0|0|0|0|0
29280600305|3|2|0|0|0|0|0|0|1|1|1|2|3|1|1|1|1|1|2|3|196|3|2|2|0|0|3|0|0|0|0|600|3
29280600306|3|7|7|0|0|1|0|0|0|3|2|2|3|3|1|1|5|1|2|10|140|3|1|2|3|1|6|0|0|0|3|0|0
29280600307|4|6|6|0|0|0|0|0|1|0|0|2|3|2|1|1|1|1|1|6|129|3|2|2|1|0|4|0|0|0|0|0|0
29280600308|3|8|8|0|0|2|0|0|1|2|3|2|3|1|1|1|1|1|1|10|814|3|1|1|6|0|9|0|1|0|0|0|0
29280600309|4|7|7|0|0|0|0|0|0|1|1|2|3|1|1|1|5|1|2|8|223|4|2|2|0|0|12|0|0|0|0|12|2
29280600330|4|5|5|0|0|2|0|0|1|1|1|2|3|2|2|1|2|1|2|8|300|3|1|2|1|0|8|0|0|0|0|0|0
29280600402|3|5|5|0|0|0|0|0|0|1|1|2|3|2|2|1|1|1|2|7|200|3|1|1|0|0|5|0|1|0|0|0|0
29280600403|3|22|22|0|0|2|0|0|2|1|3|2|3|2|1|1|1|1|2|24|1112|3|1|2|0|2|28|0|1|0|0|0|0
29280600404|3|8|8|0|0|0|0|0|0|2|2|2|3|2|2|1|1|1|2|8|300|3|1|1|0|1|9|0|0|0|0|0|0
29280600405|3|27|27|0|0|0|0|0|0|4|13|2|3|2|2|1|1|1|1|30|3000|3|1|1|6|1|31|0|0|0|0|0|0
29280600420|3|8|8|0|0|1|0|0|0|2|2|2|3|1|1|1|1|1|1|8|2000|3|1|1|8|3|7|0|1|0|0|0|0
29280600505|4|5|5|0|0|2|0|0|1|1|1|2|3|1|1|1|2|1|1|5|1239|3|1|2|2|0|5|0|0|0|0|0|0
29280600507|3|11|11|0|0|2|0|0|2|3|3|2|3|1|1|1|2|1|1|13|3000|3|1|2|7|2|9|0|1|0|1|0|0
29280600537|4|4|0|0|4|1|0|0|0|1|1|2|3|2|1|1|1|1|2|4|535|3|1|2|0|0|6|0|1|0|0|0|0
29280600701|3|4|4|0|0|2|0|0|1|2|2|2|3|2|1|1|5|1|1|6|415|3|2|2|0|0|3|0|0|1|3|0|0
29280600702|3|7|7|0|0|11|0|0|1|2|2|2|3|1|1|1|1|1|1|18|5360|3|1|1|10|0|4|0|1|1|0|0|0
29280600703|3|1|1|0|0|0|0|0|3|3|0|2|3|2|2|1|1|1|2|2|300|3|2|2|2|0|2|0|0|1|2|0|0
29280600801|3|2|2|0|0|0|0|0|0|1|0|2|3|2|2|1|1|1|1|6|682|3|1|2|0|0|2|0|0|0|0|0|0
29280600803|3|4|4|0|0|1|0|0|2|1|1|2|3|1|1|1|1|1|1|4|900|4|2|1|2|0|4|0|0|0|0|0|0
29280600808|3|7|4|0|0|2|0|0|0|5|6|1|3|1|1|1|1|1|1|7|6382|4|1|1|9|1|9|0|1|0|0|0|0
29280600904|3|11|11|0|0|1|0|0|4|1|1|2|3|1|1|1|1|1|1|8|2600|4|1|2|8|0|8|0|1|0|0|0|0
29280601202|3|7|0|0|7|0|0|5|1|2|2|2|3|1|1|1|1|1|1|12|4095|3|1|2|6|2|6|0|1|0|0|0|0
29280601203|3|6|6|0|0|3|0|0|0|3|3|1|3|1|1|1|1|1|1|6|5000|4|1|1|2|0|6|0|1|0|0|0|0
29280601204|3|9|9|0|0|4|0|0|1|3|3|2|3|1|1|1|1|1|1|11|1000|3|1|1|7|0|7|0|1|0|0|0|0
29280601217|3|7|7|0|0|1|0|0|1|1|1|2|3|2|1|1|1|1|2|15|220|3|1|1|0|1|4|0|1|0|0|11|1
29280601301|3|8|8|0|0|3|0|0|1|2|2|2|3|2|2|1|1|1|1|10|3000|3|1|1|0|1|4|0|1|0|0|0|0
29280601302|3|2|2|0|0|1|0|0|1|1|1|2|3|2|2|1|1|1|1|3|2500|3|1|2|0|0|2|0|0|0|0|0|0
29280601303|3|3|3|0|0|7|0|0|1|1|2|2|3|2|1|1|1|1|1|5|600|3|1|1|0|0|3|0|0|0|0|0|0
29280601323|3|4|4|0|0|0|0|4|1|1|1|2|3|2|1|1|1|1|1|7|2017|3|1|2|0|0|2|0|0|0|0|4|1
29280601346|3|3|3|0|0|3|0|0|1|1|1|2|3|2|2|1|1|1|1|7|1000|3|1|2|0|0|3|0|0|0|0|0|0
29280601704|3|6|6|0|0|0|0|0|0|3|3|2|3|2|2|1|1|1|2|12|450|3|1|2|1|0|6|0|1|0|0|0|0
29280601705|4|3|0|0|3|1|0|0|0|1|1|2|3|2|2|1|1|1|1|6|563|3|1|2|2|1|3|0|1|1|1|52|3
29280601707|3|5|5|0|0|0|0|0|0|1|1|2|3|2|1|1|5|1|2|2|310|3|1|2|4|0|2|0|0|0|0|0|0
29280601708|3|2|1|1|0|1|0|0|0|2|2|2|3|2|2|1|1|1|2|3|384|4|1|1|0|0|2|0|0|0|0|16|2
29280601722|3|4|4|0|0|1|0|0|0|2|2|2|3|2|1|1|1|1|2|5|1030|1|1|2|0|0|4|0|1|0|0|0|0
29280601723|3|6|6|0|0|1|0|0|0|2|2|2|2|1|1|1|1|1|2|12|717|3|1|2|5|0|8|0|1|0|1|88|8
29280601801|2|2|2|0|0|0|0|0|0|2|0|1|3|2|1|1|3|1|2|4|250|3|1|2|0|0|3|0|1|0|0|0|0
29280601802|3|11|7|2|2|1|3|0|1|5|1|1|3|2|2|1|1|1|1|5|456|3|1|2|1|0|4|0|0|0|0|0|0
29280601902|3|10|10|0|0|3|0|0|1|2|1|2|3|1|1|1|1|1|2|10|1271|3|1|1|6|2|8|0|1|0|0|0|0
29280601903|3|6|3|0|3|0|0|0|1|1|1|2|3|1|2|1|5|1|2|3|318|3|2|2|0|0|6|0|0|0|0|0|0
29280601904|4|3|3|0|0|2|0|0|0|2|2|1|3|1|2|1|1|1|1|3|160|1|1|1|0|0|3|0|0|0|0|0|0
29280601905|4|6|6|0|0|1|0|0|0|2|2|2|3|1|1|1|5|1|2|6|60|4|1|2|0|0|5|0|1|0|0|0|0
29280601911|4|7|7|0|0|0|0|0|0|2|2|2|3|2|2|1|5|1|2|9|347|3|1|2|2|0|8|0|1|0|0|0|0
29280601921|3|2|2|0|0|1|0|0|0|1|1|2|3|2|2|1|1|1|1|2|0|3|1|2|0|1|0|0|0|0|0|0|0
29280601944|3|2|2|0|0|1|0|0|0|1|1|1|3|2|1|1|5|1|2|4|235|4|2|2|0|0|3|0|0|0|0|0|0
29280601952|3|2|2|0|0|0|0|0|0|1|1|1|3|2|2|1|1|1|1|4|100|4|1|2|0|0|6|0|0|0|0|0|0
29280602001|3|8|0|0|8|2|0|0|0|3|4|1|3|2|1|1|1|1|1|11|400|3|1|1|1|1|7|0|1|0|0|0|0
29280602002|3|7|7|0|0|2|0|0|1|2|2|1|3|2|1|1|1|1|2|8|1237|3|1|2|0|1|7|0|1|0|0|0|0
29280602003|3|2|2|0|0|0|0|0|0|1|1|2|3|2|2|1|1|1|2|4|300|3|1|2|0|0|2|0|0|0|0|0|0
29280602004|3|3|3|0|0|0|0|0|1|1|1|2|3|2|2|1|1|1|1|4|60|3|1|2|0|1|1|0|0|0|0|200|1
29280602005|3|9|6|3|0|1|0|0|0|3|4|2|3|2|1|1|5|1|2|11|1128|3|1|2|5|0|7|0|1|0|0|0|0
29280602006|3|2|2|0|0|0|0|0|0|1|1|2|3|2|2|1|1|1|1|2|275|4|2|2|0|1|1|0|0|0|0|1|1
29280602008|3|9|9|0|0|3|0|0|0|6|6|1|3|2|1|1|5|1|1|13|2000|3|1|2|7|1|8|0|1|1|0|14|1
29280602103|4|1|1|0|0|0|0|0|1|1|1|2|3|2|2|1|5|1|2|2|194|3|1|2|0|0|2|0|0|0|0|0|0
29280602104|3|20|20|0|0|5|0|0|4|7|7|2|3|1|1|1|1|1|1|25|2500|3|1|1|5|2|10|0|1|0|0|0|0
29280602105|3|7|7|0|0|4|0|0|2|3|5|2|3|2|1|1|1|1|1|5|5680|1|1|1|6|1|7|0|0|0|0|0|0
29280602127|3|11|11|0|0|5|0|0|0|4|4|2|3|2|1|1|1|1|1|16|800|3|1|1|0|1|9|0|2|0|0|0|0
29280602203|3|6|6|0|0|2|0|0|1|2|2|2|3|1|1|1|1|1|1|6|200|3|1|1|0|2|3|0|1|0|0|0|0
29280602204|3|6|6|0|0|2|0|0|0|3|3|2|3|2|1|1|1|1|1|6|830|3|1|2|0|0|5|0|1|0|0|0|0
29280602205|3|2|2|0|0|0|0|0|2|2|2|2|3|2|2|1|1|1|1|2|150|3|1|2|0|1|1|0|0|0|0|0|0
29280602207|2|3|3|0|0|1|0|0|0|1|1|2|3|2|1|1|5|1|2|3|210|3|1|2|0|1|1|0|0|0|0|0|0
29280602302|3|6|6|0|0|0|0|1|0|2|2|2|3|2|1|1|1|1|1|6|500|3|1|2|1|1|5|0|1|0|0|0|0
29280602303|3|7|7|0|0|0|0|1|0|1|1|2|3|2|1|1|1|1|1|7|1490|3|1|1|1|0|8|0|1|0|0|0|0
29280602304|2|7|7|0|0|7|0|0|1|2|2|2|3|1|1|1|1|1|2|14|0|4|1|2|5|1|7|0|1|0|0|0|0
29280602305|3|7|2|0|5|0|0|2|0|3|3|2|3|1|1|1|1|1|1|7|3000|3|1|1|5|4|5|0|1|0|0|0|0
29280602316|3|3|3|0|0|2|0|0|0|1|1|2|3|2|2|1|1|1|1|6|1087|3|1|1|0|0|4|0|0|0|0|0|0
29280602401|3|3|3|0|0|0|0|0|0|1|1|2|3|2|2|1|1|1|2|3|180|3|1|2|0|0|2|0|0|0|0|0|0
29280602402|2|4|4|0|0|2|0|0|0|1|1|2|3|2|2|1|5|1|2|4|400|3|1|2|0|0|2|0|0|0|2|0|0
29280602412|3|6|6|0|0|2|0|0|1|3|3|2|3|1|2|1|1|1|2|7|5460|3|1|2|5|0|5|0|1|0|0|0|0
29280602413|3|2|2|0|0|1|0|0|0|1|1|2|3|2|2|1|1|1|2|4|1251|3|1|2|0|0|2|0|0|0|2|0|0
29280602414|3|1|1|0|0|4|0|0|0|1|1|2|3|2|2|1|1|1|2|1|50|3|2|2|0|0|0|0|0|0|0|0|0
29280602420|3|10|10|0|0|6|0|0|1|2|2|2|3|1|1|1|1|1|1|10|3000|3|1|1|3|0|6|0|0|0|0|0|0
29280602503|3|4|4|0|0|1|0|0|0|2|2|2|3|2|2|1|1|1|1|4|307|1|1|2|0|1|3|0|0|0|0|0|0
29280602504|4|3|3|0|0|1|0|0|1|0|0|2|3|2|1|1|1|1|2|4|122|3|1|2|0|1|2|0|0|0|0|0|0
29280602505|2|8|4|0|4|2|0|0|1|1|1|2|3|1|1|1|1|1|1|10|486|3|1|2|0|2|9|0|1|0|0|0|0
29280602603|4|1|1|0|0|0|0|0|1|0|0|2|3|2|2|1|5|1|2|4|420|3|1|2|2|0|2|0|0|0|0|0|0
29280700108|3|7|0|0|7|0|0|1|1|1|2|1|3|1|1|1|1|1|1|7|2000|3|1|1|1|0|8|0|1|0|0|0|0
29280700110|3|7|1|0|6|2|0|0|1|2|3|1|3|1|1|1|3|1|1|9|460|3|1|1|5|2|2|0|0|0|0|0|0
29280700112|3|2|2|0|0|0|0|0|0|1|1|1|3|2|2|1|5|1|2|2|110|3|1|1|0|0|2|0|0|0|0|0|0
29280700113|3|5|0|5|0|0|0|0|0|1|1|1|3|2|2|1|5|1|1|8|200|4|1|1|0|0|4|0|0|0|0|880|4
29280700114|3|3|3|0|0|0|0|0|1|1|1|2|3|1|2|1|1|1|1|3|299|3|1|2|0|0|3|0|0|0|0|0|0
29280700115|3|2|2|0|0|0|0|0|0|1|1|1|3|2|2|1|5|1|2|2|340|3|1|1|0|0|2|0|0|0|0|0|0
29280700117|3|4|0|0|0|0|0|0|0|1|1|1|3|2|2|1|5|1|2|4|400|3|1|2|0|0|4|0|0|0|0|0|0
29280700119|3|2|1|0|0|1|0|0|0|1|1|1|3|2|2|1|1|1|1|4|524|3|1|1|0|2|0|0|0|0|1|0|0
29280700121|3|8|8|0|0|2|0|0|0|3|4|2|3|1|1|1|1|1|2|9|1200|3|1|1|0|1|10|0|1|0|0|0|0
29280700122|3|7|2|0|2|0|0|2|0|4|4|1|3|3|2|1|5|1|1|9|1524|4|1|1|3|1|8|0|1|0|1|0|0
29280700124|3|10|8|0|2|2|0|1|0|3|3|2|3|2|1|1|3|1|1|16|819|4|1|1|2|5|9|0|1|1|1|0|0
29280700125|3|15|0|0|12|1|0|0|6|6|6|1|3|2|1|1|2|1|1|15|2500|3|1|1|6|4|10|0|0|1|12|0|0
29280700129|3|7|7|0|0|0|0|0|0|1|1|1|3|2|2|1|5|1|2|6|150|4|1|2|1|3|5|0|0|0|1|0|0
29280700130|3|5|0|0|5|3|0|0|0|2|2|2|3|2|1|1|1|1|1|5|2231|3|1|1|0|1|6|0|0|0|5|0|0
29280700178|3|10|8|0|2|0|0|0|0|1|1|1|3|1|1|1|1|1|1|10|0|3|1|1|1|1|10|0|1|2|9|0|0
29280700191|3|11|11|0|0|1|1|0|3|2|2|2|3|2|1|1|5|1|1|12|955|3|1|1|2|2|11|0|1|0|0|0|0
29280700201|3|2|2|0|0|0|0|0|1|1|1|1|3|1|2|1|7|1|1|4|428|3|1|1|0|0|3|0|0|0|0|0|0
29280700301|3|5|4|0|1|0|0|1|1|2|2|1|3|2|2|1|7|1|2|5|250|3|1|2|0|0|6|0|0|0|0|30|6
29280700401|3|6|6|0|0|4|0|0|1|2|2|1|3|2|1|1|3|1|1|8|960|3|1|1|0|0|6|0|1|0|0|5|1
29280700501|4|1|1|0|0|1|0|0|1|1|1|1|3|2|2|1|5|1|2|2|96|3|1|1|0|2|0|0|1|0|0|0|0
29280700601|3|3|2|0|1|0|0|0|1|1|1|1|3|2|2|1|1|1|2|5|745|4|1|2|0|0|2|0|0|0|1|0|0
29280700701|3|5|0|1|2|0|0|1|1|2|2|1|3|1|1|1|1|1|2|8|1020|3|1|1|4|2|4|0|1|0|4|36|6
29280700801|3|3|2|0|0|0|0|0|1|1|1|1|3|2|2|1|4|1|2|5|350|1|1|1|0|0|3|0|0|0|0|0|0
29280701001|3|3|1|0|0|0|0|0|1|1|1|2|3|2|2|1|1|1|1|2|350|4|1|1|0|1|1|0|0|0|0|4|2
29280701101|3|2|2|0|0|0|0|0|1|1|1|1|3|2|1|1|1|1|2|2|450|3|1|2|0|0|2|0|0|0|0|0|0
29280701301|3|7|6|1|0|1|0|0|1|2|3|1|3|1|1|1|1|1|2|8|1050|3|1|1|2|2|4|0|0|0|6|0|0
29280701303|3|2|0|0|0|0|0|0|1|1|1|1|3|2|2|1|4|1|2|2|479|3|1|1|1|0|2|0|0|0|1|0|0
29280701402|3|5|5|0|0|3|0|0|1|1|1|2|3|2|2|1|4|1|2|7|402|4|1|1|0|3|2|0|0|1|3|0|0
29280701403|3|2|2|0|0|1|0|0|1|1|1|1|3|2|1|1|5|1|2|3|200|4|1|1|0|1|1|0|0|0|0|0|0
29280701501|3|2|0|0|2|0|0|1|1|1|1|1|3|2|2|3|4|1|1|4|19|3|1|2|0|1|1|0|0|0|1|8|2
29280701601|3|4|2|2|0|1|0|0|1|1|1|1|3|2|2|1|4|1|2|5|119|4|1|1|0|2|1|0|0|0|0|0|0
29280701701|3|2|2|0|0|0|0|0|1|2|2|1|3|1|2|1|7|1|1|2|200|4|1|1|0|1|1|0|1|0|0|0|0
29280701801|3|2|2|0|0|0|0|0|1|1|1|1|3|2|2|1|7|1|2|2|220|3|1|2|0|2|1|0|0|0|3|0|0
29280701901|3|6|2|0|4|1|0|0|1|1|1|1|3|2|2|1|1|1|2|6|970|3|1|1|2|3|4|0|1|0|0|0|0
29280702001|3|2|2|0|0|2|0|0|1|1|1|2|3|2|2|1|5|1|2|3|175|3|1|2|0|1|1|0|0|0|0|0|0
29280702101|3|8|4|0|4|0|0|2|1|6|6|1|3|1|1|1|6|1|1|10|1200|3|1|1|2|2|7|0|0|0|0|0|0
29280702201|3|3|2|1|0|0|0|0|1|1|2|1|3|2|1|1|2|1|1|9|2015|3|1|1|0|0|7|0|0|0|2|0|0
29280702301|3|2|1|0|1|1|0|0|1|1|1|1|3|2|2|1|1|1|1|4|95|3|1|1|0|1|1|0|0|0|1|0|0
29280702601|3|3|2|0|0|0|0|0|1|1|1|1|3|2|1|1|1|1|1|4|400|3|1|1|0|1|1|0|0|0|0|0|0
29280702701|3|2|2|0|0|1|0|0|1|1|1|1|3|2|1|1|3|1|2|2|815|3|1|2|0|0|2|0|0|0|0|20|2
29280702801|3|5|4|0|1|1|0|0|1|1|1|2|3|2|2|1|1|1|2|4|2251|3|1|1|2|2|1|0|0|0|0|0|0
29280702901|3|2|1|0|1|1|1|0|1|1|1|1|3|2|2|1|1|1|2|2|350|3|1|1|0|2|0|0|0|0|0|0|0
29280703001|3|10|10|0|0|2|0|0|1|2|2|2|3|2|1|1|1|1|2|7|850|3|1|1|0|4|5|0|1|0|0|0|0
29280703201|3|2|1|0|1|0|0|0|1|1|1|1|3|2|2|1|5|1|2|3|425|3|1|1|0|0|2|0|0|0|0|0|0
29280703401|3|5|2|0|3|0|0|1|1|1|1|1|3|2|2|1|4|1|2|5|1300|4|1|1|1|0|5|0|1|1|0|0|0
29280703402|3|2|2|0|0|1|0|0|1|1|1|1|3|2|2|1|4|1|2|7|350|4|1|1|0|0|2|0|0|0|0|0|0
29280703501|3|2|2|0|0|1|0|0|1|1|2|1|3|2|2|1|1|1|2|4|360|4|1|2|0|0|2|0|0|0|2|6|2
29280703502|3|3|3|0|0|0|0|0|1|1|1|1|3|2|1|1|4|1|1|3|0|3|1|1|0|0|1|0|0|1|1|0|0
29280703701|3|3|3|0|0|1|0|0|1|1|1|1|3|2|2|1|1|1|2|4|409|3|1|1|0|0|2|0|0|0|0|0|0
29280703801|3|1|1|0|0|1|0|0|1|1|1|1|3|1|2|1|1|1|1|1|300|3|1|1|2|1|0|0|0|0|0|0|0
29280703901|3|11|11|0|0|1|0|0|2|2|2|2|3|2|1|1|1|1|1|14|1375|3|1|1|4|2|6|0|1|0|7|0|0
29280704001|3|11|5|1|5|0|1|0|1|3|3|1|3|2|2|1|8|1|1|8|485|3|1|1|2|2|3|0|0|0|0|19|4
29280704101|3|5|5|0|0|0|0|0|1|1|1|1|3|2|1|1|1|1|1|9|1000|1|1|2|1|1|4|0|0|0|0|0|0
29280704201|3|6|6|0|0|0|0|0|1|2|4|2|3|1|2|1|5|1|1|6|600|3|1|1|0|1|6|0|1|0|1|0|0
29280704501|3|10|5|0|5|6|0|0|2|2|2|2|3|2|1|1|1|1|2|10|2010|3|1|2|0|2|8|0|1|1|0|0|0
29280704502|3|4|4|0|0|1|0|0|1|2|2|2|3|2|1|1|1|1|2|6|2580|3|1|2|4|2|3|0|0|1|0|0|0
29280704505|3|4|4|0|0|3|0|0|1|1|1|2|3|2|1|1|1|1|2|6|270|3|1|1|0|3|2|0|1|0|0|0|0
29280704512|3|2|2|0|0|0|0|0|1|2|2|2|3|2|1|1|5|1|2|4|0|3|2|1|0|1|1|0|0|0|0|0|0
29280704601|3|2|2|0|0|1|0|0|0|1|1|1|3|2|2|1|4|1|2|3|300|3|1|2|0|0|2|0|0|0|2|0|0
29280704701|3|3|3|0|0|2|0|0|0|2|2|1|3|1|1|1|1|1|2|4|200|3|2|2|0|2|1|0|0|0|3|0|0
29280704702|3|2|0|2|0|0|0|0|0|1|1|1|3|2|2|1|1|1|2|2|220|3|1|1|0|1|1|0|0|0|2|0|0
29280704803|3|17|17|0|0|1|0|0|2|2|3|2|3|2|1|1|1|1|1|17|400|3|1|1|0|7|10|0|1|1|0|0|0
29280704901|3|7|7|0|0|2|0|0|0|1|1|1|3|2|1|1|1|1|1|7|2150|3|1|2|3|1|3|0|1|0|0|0|0
29280704902|3|1|1|0|0|1|0|0|1|1|1|2|3|1|2|1|5|1|1|2|400|3|1|2|0|0|2|0|0|0|0|0|0
29280705001|3|2|2|0|0|1|0|0|1|1|1|1|3|2|2|1|1|1|2|2|276|4|2|1|0|0|2|0|0|0|0|0|0
29280705002|3|1|1|0|0|0|0|1|1|1|1|1|3|1|1|1|5|1|1|2|250|4|2|1|0|1|1|0|0|0|0|0|0
29280705003|3|2|2|0|0|1|0|0|1|1|1|1|3|1|1|1|8|1|1|3|200|4|1|1|0|0|2|0|0|0|0|0|0
29280705101|3|4|2|0|0|1|0|0|1|2|3|1|3|2|1|1|1|1|1|7|350|3|1|1|0|0|3|0|0|0|0|0|0
29280705201|3|3|1|0|0|1|0|0|1|2|2|2|3|2|2|1|1|1|1|3|215|4|1|2|0|0|2|0|0|0|0|0|0
29280705304|3|7|1|6|0|1|0|0|1|0|1|1|3|3|1|1|1|1|2|1|2251|3|1|1|5|1|5|0|1|0|6|0|0
29280705401|3|2|2|0|0|0|0|0|1|1|1|1|3|2|2|1|1|1|2|2|513|4|1|2|0|0|2|0|0|0|0|0|0
29280705501|3|2|0|0|1|0|0|0|1|1|1|1|3|2|2|1|7|1|1|4|340|3|1|1|0|0|2|0|0|0|0|0|0
29280705601|3|1|1|0|0|1|0|0|1|1|1|1|3|2|2|1|5|1|2|2|550|1|1|1|0|2|0|0|0|0|0|0|0
29280705701|3|4|4|0|0|0|0|0|1|1|1|1|3|1|2|1|2|1|2|5|1000|3|1|1|2|2|2|0|0|0|0|38|4
29280705801|3|2|1|0|1|1|0|0|1|1|1|1|3|1|1|1|1|1|2|2|350|3|2|2|0|1|1|0|0|1|1|0|0
29280705902|3|2|0|0|2|0|0|0|2|2|2|1|3|2|1|1|1|1|2|7|2000|3|1|1|0|0|5|0|0|0|0|0|0
29280706001|3|1|1|0|0|0|0|0|1|1|1|1|3|2|2|1|1|1|2|2|520|1|1|2|0|1|1|0|0|0|0|10|2
29280706101|3|4|4|0|0|2|0|2|1|2|1|2|3|2|1|1|4|1|1|10|1849|3|1|1|2|1|2|0|1|0|0|0|0
29280706102|3|2|2|0|0|1|0|0|1|1|1|1|3|2|2|1|5|1|1|2|265|4|1|1|0|1|1|0|0|0|0|0|0
29280706201|3|1|1|0|0|0|0|0|1|1|1|2|3|2|2|1|5|1|2|2|0|3|1|2|2|0|2|0|0|0|0|0|0
29280706203|3|2|2|0|0|1|0|0|1|1|1|2|3|1|2|1|5|1|2|7|0|3|2|2|2|0|2|0|0|0|0|0|0
29280706301|3|14|14|0|0|5|0|0|1|1|4|2|3|2|1|1|5|1|1|14|2500|3|1|1|9|5|12|0|0|0|0|0|0
29280706302|3|2|2|0|0|1|0|0|1|1|1|1|3|2|2|1|5|1|2|4|90|3|1|2|0|1|2|0|0|0|0|0|0
29280706304|3|6|6|0|0|1|0|0|1|2|2|2|3|2|2|1|5|1|2|5|456|4|1|1|0|0|6|0|1|0|0|0|0
29280706305|3|2|2|0|0|1|0|0|1|1|1|2|3|2|2|1|4|1|2|5|170|3|1|2|0|1|2|0|0|0|0|0|0
29280706311|3|3|3|0|0|0|0|0|2|1|1|2|3|2|2|1|7|1|1|6|100|3|1|1|0|0|3|0|0|0|0|0|0
29280706314|3|2|2|0|0|1|0|0|1|1|1|2|3|2|1|3|5|1|2|2|55|3|1|2|0|0|2|0|0|0|0|0|0
29280706315|4|6|6|0|0|1|0|0|1|1|1|1|3|2|2|1|1|1|1|6|239|3|1|2|0|0|1|0|0|0|0|0|0
29280706401|3|13|12|0|1|0|0|0|1|1|1|1|3|2|1|1|6|1|2|12|2350|3|1|2|0|3|12|0|1|1|1|150|15
29280706501|3|9|9|0|0|3|0|0|1|1|1|1|3|2|1|1|1|1|2|9|1652|4|1|1|0|1|11|0|1|0|0|0|0
29280706504|3|2|2|0|0|0|0|0|1|1|1|1|3|2|2|1|5|1|1|2|53|1|1|2|0|0|2|0|0|0|0|0|0
29280706601|3|6|4|0|2|0|0|0|1|1|1|1|3|2|2|1|1|1|1|11|250|3|1|1|0|1|5|0|1|0|1|0|0
29280706801|3|5|0|5|0|3|2|0|1|1|1|1|3|2|1|1|2|1|1|2|1783|4|2|2|0|2|2|0|0|0|0|32|4
29280707008|3|5|3|2|0|0|0|0|2|2|3|1|3|2|2|1|2|1|2|8|488|3|1|1|0|1|3|0|1|0|0|0|0
29280707009|3|9|9|0|0|0|0|0|1|2|2|1|3|2|1|1|1|1|1|22|2600|3|1|1|0|5|9|0|1|0|0|0|0
29280707112|3|8|8|0|0|2|0|0|1|2|2|1|3|2|1|1|1|1|2|16|635|4|1|1|5|1|7|0|1|0|0|0|0
29280707116|3|7|7|0|0|1|0|0|1|2|2|1|3|2|2|1|4|1|2|5|291|3|1|2|2|2|4|0|0|0|6|0|0
29280707117|3|8|8|0|0|1|0|0|2|2|2|2|3|1|1|1|1|1|1|10|0|3|1|1|1|4|6|0|1|0|0|0|0
29280707119|3|7|7|0|0|1|0|0|1|2|2|2|3|2|1|1|6|1|1|14|280|3|1|1|3|0|6|0|1|0|2|0|0
29280707120|3|6|6|0|0|1|0|0|1|1|2|2|3|1|2|1|2|1|2|6|150|4|1|1|6|3|4|0|1|0|0|0|0
29280707121|3|4|0|0|2|0|0|0|2|1|2|1|3|2|2|1|1|1|2|3|200|1|1|1|0|0|2|0|0|0|2|0|0
29280707122|3|2|1|0|0|1|0|0|1|1|1|1|3|2|2|1|1|1|2|3|200|3|1|2|0|0|2|0|0|0|0|0|0
29280707124|3|12|9|0|3|2|0|0|1|1|1|1|3|2|1|1|1|1|1|13|3423|3|1|1|6|1|11|0|1|0|0|2|1
29280707126|3|9|9|0|0|4|0|0|0|2|2|2|3|2|1|1|1|1|1|13|950|4|1|1|2|3|5|0|2|0|0|0|0
29280707128|3|6|4|0|2|2|0|1|1|1|2|2|3|1|1|1|1|1|2|11|653|3|1|1|5|0|7|0|1|0|0|0|0
29280707131|3|6|4|0|0|1|0|0|0|1|1|2|3|2|1|1|1|1|1|8|98|3|1|1|3|0|3|0|0|0|0|0|0
29280707184|3|5|5|0|0|1|0|0|0|1|1|1|3|2|2|1|1|1|1|9|260|3|1|2|0|1|2|0|0|0|0|10|2
29280707301|3|8|6|2|0|0|0|1|1|2|2|1|3|1|2|1|1|1|1|10|2456|3|1|1|0|1|3|0|1|1|0|0|0
29280707401|3|5|5|0|0|0|0|1|1|2|2|1|3|2|1|1|1|1|2|5|2056|3|1|2|3|0|5|0|1|0|1|43|5
29280707501|3|7|7|0|0|0|0|0|0|2|2|1|3|2|2|1|1|1|2|5|450|4|1|2|2|0|7|0|0|0|0|16|7
29280707601|3|3|2|0|1|0|0|1|0|1|1|1|3|2|1|1|5|1|2|4|200|3|1|1|1|2|0|0|0|0|0|0|0
29280707701|3|9|4|3|2|0|0|0|0|4|4|1|3|1|2|1|1|1|1|9|1190|3|1|1|5|4|3|0|1|0|0|0|0
29280707801|3|2|2|0|0|1|0|0|1|1|1|2|3|2|1|1|6|1|2|4|78|3|1|2|0|0|3|0|0|0|0|0|0
29280707901|4|6|6|0|0|4|0|0|1|2|2|1|3|2|1|1|1|1|2|7|1052|3|1|1|0|0|7|0|1|0|1|0|0
29280708001|3|1|0|0|1|0|0|1|0|1|1|1|3|2|2|1|5|1|1|2|120|4|1|2|0|1|1|0|0|0|0|0|0
29280708101|3|2|2|0|0|0|0|2|0|1|1|1|3|2|1|1|1|1|1|7|247|3|2|1|0|0|2|0|0|1|2|0|0
29280708201|3|3|3|0|0|1|0|0|0|1|1|1|3|1|2|1|3|1|1|4|224|3|2|2|0|1|1|0|0|1|2|0|0
29280708301|3|2|2|0|0|0|0|0|0|1|1|1|3|2|2|1|1|1|2|2|300|4|1|1|0|0|2|0|0|0|0|0|0
29280708401|3|3|3|0|0|1|0|0|0|1|1|1|3|3|2|1|1|1|2|4|610|3|1|1|1|0|2|0|0|0|0|0|0
29280708402|3|2|0|0|2|1|0|0|0|1|1|1|3|2|2|1|4|1|1|3|724|3|1|2|0|2|0|0|0|0|2|4|2
29280708501|3|2|1|0|1|0|1|0|1|1|1|1|3|2|2|1|1|1|2|4|454|3|1|1|0|2|0|0|0|0|0|8|2
29280708701|3|4|0|1|1|0|0|1|1|1|2|1|3|2|2|1|2|1|2|5|600|4|1|2|0|1|3|0|1|0|4|0|0
29280708804|3|2|2|0|0|1|0|0|1|1|1|1|3|2|2|1|1|1|1|2|99|4|1|2|0|2|1|0|0|0|0|14|1
29280708811|3|12|9|0|3|7|0|0|2|4|4|2|3|1|2|1|1|1|1|16|2000|3|1|1|12|4|7|0|1|0|0|0|0
29280708901|3|4|0|2|2|0|0|0|1|2|2|1|3|1|2|1|5|1|2|5|156|3|1|2|0|1|1|0|0|1|2|0|0
29280709001|3|4|1|0|3|0|0|2|1|1|1|1|3|2|1|1|1|1|1|4|1980|3|1|1|0|1|4|0|1|0|2|0|0
29280709002|3|1|0|0|1|0|0|0|1|1|1|1|3|1|2|1|5|1|2|2|196|4|1|2|1|1|1|0|0|0|0|0|0
29280709101|3|2|1|1|0|1|0|0|1|1|1|1|3|2|2|1|1|1|2|2|500|3|1|1|0|1|1|0|0|0|0|0|0
29280709201|3|7|0|0|0|1|0|0|1|2|2|1|3|3|1|1|2|1|1|8|2300|3|1|1|3|1|3|0|1|0|0|0|0
29280709301|3|3|3|0|0|2|0|0|1|1|1|1|3|1|2|1|3|1|2|4|600|3|1|1|0|0|2|0|0|0|0|0|0
29280709401|4|7|7|0|0|0|0|0|1|1|1|2|3|2|2|1|4|1|2|6|954|3|1|1|2|2|6|0|2|0|0|14|6
29280709501|3|3|0|1|2|0|0|2|1|1|1|1|3|2|2|1|1|1|2|6|337|3|1|2|0|1|1|0|0|0|0|0|0
29280709614|3|16|2|4|10|2|0|4|1|6|6|2|3|1|1|1|3|1|1|12|2500|3|1|1|5|2|13|0|0|0|0|0|0
29280709701|3|2|2|0|0|0|0|0|1|1|1|1|3|2|2|1|1|1|2|3|186|4|1|1|0|1|1|0|0|0|2|0|0
29280709801|3|3|3|0|0|1|2|0|1|1|1|2|3|2|1|1|5|1|1|7|870|3|1|1|1|0|3|0|0|0|0|0|0
29280709901|3|2|0|0|2|0|0|0|1|1|2|1|3|2|2|1|1|1|2|2|400|3|1|2|0|0|2|0|0|0|0|1|1
29280710201|3|2|2|0|0|1|0|0|1|1|1|1|3|2|1|1|1|1|2|4|200|3|1|2|0|0|2|0|0|0|0|0|0
29280710301|3|4|2|0|2|0|0|0|1|2|2|1|3|2|2|1|1|1|1|5|300|4|1|2|0|0|2|0|0|0|0|0|0
29280710501|3|2|2|0|0|1|0|0|1|1|1|1|3|2|2|1|1|1|1|2|800|3|1|1|0|1|1|0|0|0|0|0|0
29280710601|3|2|1|0|1|0|0|0|1|1|2|1|3|2|2|1|4|1|2|4|300|3|1|1|0|0|1|0|0|0|0|0|0
29280710701|3|5|4|1|0|0|0|1|1|1|1|1|3|1|2|1|1|1|2|10|800|3|2|1|0|0|5|0|0|0|5|7|4
29280710801|3|2|1|0|1|2|0|0|1|1|1|1|3|1|2|1|7|1|1|5|392|3|1|1|0|0|2|0|0|0|0|0|0
29280710901|3|3|2|0|1|0|0|0|1|1|1|1|3|1|2|1|1|1|1|7|380|3|1|1|0|1|1|0|0|0|0|0|0
29280711001|3|2|0|2|0|1|0|0|1|1|1|1|3|2|2|3|2|1|1|2|50|3|1|1|0|0|2|0|0|0|0|0|0
29280711101|3|6|4|0|2|0|0|2|1|1|1|2|3|1|1|1|1|1|1|10|500|3|1|1|2|2|2|0|0|0|0|0|0
29280711201|3|7|7|0|0|4|0|0|1|1|2|1|3|1|2|1|7|1|1|7|1600|3|1|1|2|3|2|0|0|0|0|0|0
29280711203|3|2|2|0|0|0|0|0|1|1|0|1|3|2|1|1|1|1|1|2|400|4|1|1|0|0|2|0|0|0|0|0|0
29280711301|3|2|2|0|0|0|0|0|1|1|1|1|3|2|2|1|1|1|1|4|295|3|1|1|0|1|1|0|0|0|0|0|0
29280711401|3|6|6|0|0|1|0|0|1|2|2|1|3|2|2|1|1|1|2|6|354|3|1|1|2|2|3|0|1|0|0|0|0
29280711501|3|7|2|0|0|1|0|0|1|0|1|1|3|2|2|1|1|1|2|7|1017|4|1|1|10|2|3|0|1|0|5|0|0
29280711601|3|1|1|0|0|0|0|0|1|1|1|1|3|2|2|1|5|1|2|1|320|1|1|2|0|1|1|0|0|0|2|0|0
29280711701|3|4|4|0|0|1|0|0|1|2|2|2|3|2|2|1|1|1|1|6|480|3|1|1|0|1|3|0|0|0|3|0|0
29280711803|3|14|14|0|0|3|0|0|1|2|2|2|3|1|1|1|1|1|2|17|970|3|1|1|2|3|13|0|1|0|0|2|1
29280711901|3|3|3|0|0|3|0|0|2|2|2|1|3|2|1|1|8|1|2|8|846|3|1|1|0|0|3|0|0|0|0|0|0
29280712001|3|2|2|0|0|0|0|0|1|1|1|1|3|2|2|1|4|1|1|2|283|3|1|2|0|0|2|0|0|0|0|6|2
29280712101|3|1|1|0|0|0|0|0|1|1|1|1|3|2|2|1|1|1|2|2|350|1|1|2|0|0|1|0|0|0|1|0|0
29280712202|3|7|0|0|7|0|4|0|1|1|1|1|3|2|1|1|1|1|2|9|932|3|1|1|2|1|6|0|1|0|0|0|0
29280712303|3|2|1|0|0|0|0|0|1|2|2|1|3|2|1|1|1|1|2|5|677|3|1|2|2|1|1|0|0|0|0|0|0
29280712401|3|9|5|0|0|0|0|0|1|2|2|1|3|1|1|3|1|1|1|7|800|3|1|1|0|0|5|0|0|0|0|17|5
29280712501|3|3|3|0|0|2|2|0|1|1|1|1|3|2|1|1|1|1|1|1|978|3|1|2|1|0|5|0|1|0|0|15|4
29280712601|3|2|2|0|0|0|0|0|1|1|1|1|3|2|2|1|1|1|1|4|360|3|1|1|0|0|1|0|0|0|0|0|0
29280712602|3|2|1|0|1|0|0|0|1|1|1|1|3|2|1|1|1|1|1|2|130|3|1|1|0|0|2|0|0|0|0|0|0
29280712603|3|3|3|0|0|1|0|0|1|1|1|1|3|2|2|1|5|1|2|4|1115|3|1|2|0|0|2|0|0|0|0|9|2
29280712701|3|3|1|2|0|0|0|0|1|3|3|1|3|1|2|1|5|1|1|3|600|4|1|1|0|0|2|0|0|0|0|0|0
29280712801|3|11|4|0|0|1|0|0|1|1|1|2|3|2|1|1|4|1|1|8|1467|3|1|1|0|2|4|0|0|2|1|0|0
29280712901|3|3|1|0|2|1|0|0|1|1|1|2|3|2|2|1|1|1|1|5|266|3|1|1|0|0|2|0|0|0|0|0|0
29280713001|3|3|3|0|0|1|0|0|1|1|1|2|3|2|2|1|5|1|2|4|285|3|1|2|1|0|3|0|0|1|3|0|0
29280713101|3|4|2|2|0|0|0|0|1|1|1|1|3|1|2|1|1|1|2|4|500|3|1|1|0|0|2|0|0|0|1|0|0
29280713201|3|3|0|1|2|0|0|0|1|1|1|1|3|2|1|1|4|1|2|4|510|3|1|1|0|3|0|0|0|0|0|0|0
29280713301|3|2|1|0|0|0|1|0|1|1|1|2|3|2|2|1|5|1|1|5|344|3|2|1|0|1|1|0|0|0|0|0|0
29280713601|3|3|3|0|0|0|0|0|1|1|1|2|3|2|2|1|2|1|2|5|400|4|1|1|1|1|3|0|0|0|0|0|0
29280713701|3|3|3|0|0|1|0|0|1|1|1|2|3|2|1|3|4|1|1|6|607|3|1|1|0|3|1|0|1|1|0|0|0
29280713801|3|2|2|0|0|0|0|0|1|1|1|2|3|2|2|1|3|1|1|2|250|3|1|1|0|1|1|0|0|0|0|0|0
29280713902|3|2|2|0|0|0|0|1|1|1|1|1|3|2|2|3|1|1|1|4|291|4|1|2|0|0|1|0|0|0|0|0|0
29280713903|3|5|5|0|0|0|0|1|1|1|1|1|3|2|2|1|1|1|2|5|400|3|1|1|0|2|2|0|0|0|0|370|3
29280714001|3|3|3|0|0|0|0|0|1|1|1|1|3|2|1|1|1|1|1|6|0|3|1|1|0|1|1|0|0|0|2|0|0
29280714101|3|2|2|0|0|0|0|0|1|2|2|1|3|1|2|1|5|1|1|4|60|3|1|1|0|0|2|0|0|0|0|6|2
29280714201|3|5|2|0|3|1|0|0|1|1|1|1|3|2|1|1|1|1|1|5|350|2|1|1|0|2|2|0|0|1|0|0|0
29280714202|3|2|2|0|0|0|0|0|1|1|1|1|3|2|1|1|5|1|2|3|0|3|1|2|0|0|1|0|1|0|0|0|0
29280714301|3|2|2|0|0|0|0|0|1|1|1|1|3|2|2|1|5|1|1|3|300|3|1|2|0|1|1|0|0|0|1|0|0
29280714401|3|2|0|0|0|0|0|0|1|1|1|1|3|2|2|1|1|1|1|1|345|3|1|2|0|0|2|0|0|0|2|0|0
29280714501|3|5|5|0|0|0|7|0|1|2|2|1|3|2|2|1|1|1|2|5|3701|3|1|1|2|0|4|0|0|0|0|0|0
29280714601|3|2|0|0|1|0|0|0|1|1|1|1|3|2|2|1|1|1|2|2|296|4|1|2|0|0|2|0|0|0|2|0|0
29280714701|3|3|2|0|1|0|0|0|1|1|1|1|3|2|2|1|7|1|1|3|450|3|1|1|0|0|2|0|0|0|0|6|2
29280714801|3|2|0|0|1|0|0|0|1|1|1|1|3|2|2|1|1|1|2|2|100|4|1|2|0|1|0|0|0|0|0|0|0
29280714901|3|2|0|0|2|0|0|0|1|1|1|1|3|3|2|1|1|1|1|4|300|4|1|2|2|2|0|0|0|0|0|0|0
29280715001|3|7|7|0|0|2|0|0|2|2|2|2|3|2|1|1|6|1|2|7|672|3|1|2|0|1|5|0|1|0|0|0|0
29280715101|3|4|2|0|2|1|0|0|1|1|1|2|3|2|2|1|2|1|1|5|151|3|1|2|0|0|2|0|0|0|1|0|0
29280715301|3|5|0|5|0|0|0|1|1|1|1|1|3|2|2|1|4|1|1|6|1056|3|1|2|2|0|4|0|1|0|0|8|4
29280715401|3|2|2|0|0|0|0|0|1|1|0|1|3|2|2|1|4|1|2|3|402|3|1|1|0|0|2|0|0|0|0|0|0
29280715402|3|2|2|0|0|0|0|0|1|1|0|1|3|2|2|1|2|1|2|3|350|3|1|2|0|1|1|0|0|0|0|0|0
29280715501|3|2|1|0|1|0|0|0|2|1|2|1|3|1|2|1|5|1|2|3|300|3|1|1|0|0|3|0|0|0|0|0|0
29280715601|3|2|2|0|0|0|0|0|1|1|1|1|3|2|2|1|5|1|1|4|261|3|1|1|0|0|2|0|0|0|0|0|0
29280715701|3|2|0|0|0|0|1|0|2|1|2|1|3|2|2|1|1|1|2|4|311|3|1|1|0|0|2|0|0|0|0|0|0
29280715801|3|6|6|0|0|3|0|1|1|2|2|1|3|3|1|1|1|1|2|6|1173|3|1|1|4|2|3|0|1|1|0|30|5
29280715901|3|2|2|0|0|0|0|0|1|1|1|2|3|2|2|1|1|1|1|2|35|3|1|2|0|1|1|0|0|0|0|0|0
29280716001|3|2|2|0|0|0|0|2|1|1|1|2|3|2|2|1|4|1|1|4|333|3|1|1|1|0|2|0|0|0|0|0|0
29280716101|3|2|2|0|0|2|0|0|1|1|1|2|3|1|2|1|5|1|1|2|31|3|2|2|0|0|2|0|0|0|0|0|0
29280716201|3|8|7|0|1|6|0|0|1|1|1|1|3|1|1|1|6|1|1|8|3050|3|1|1|8|1|6|0|1|0|0|0|0
29280716202|3|3|2|0|1|1|0|0|1|1|1|2|3|1|2|1|6|1|2|222|350|4|1|1|2|1|1|0|0|0|0|0|0
29280716204|3|7|5|0|0|0|0|0|1|1|1|1|3|3|2|1|1|1|1|7|1600|3|1|1|1|1|3|0|1|0|0|16|3
29280716206|3|2|1|0|1|0|0|0|1|1|1|1|3|1|2|1|5|1|2|4|900|3|1|1|0|0|2|0|0|0|0|0|0
29280716301|3|4|4|0|0|2|0|0|1|1|1|1|3|1|1|1|1|1|1|4|700|3|1|1|1|1|3|0|0|0|0|0|0
29280716401|3|2|0|0|1|0|0|0|1|1|1|2|3|2|2|1|7|1|2|2|505|3|1|2|1|1|1|0|0|0|1|12|2
29280716501|3|2|2|0|0|0|0|0|1|1|1|1|3|2|2|1|7|1|2|3|350|3|1|2|0|0|2|0|0|0|0|23|2
29280716601|3|2|1|0|0|0|0|0|1|1|1|1|3|2|1|1|1|1|2|4|300|4|1|1|0|1|1|0|0|0|2|0|0
29280716603|3|6|0|0|3|0|0|0|1|1|1|1|3|1|1|1|1|1|2|6|866|3|1|1|0|1|5|0|0|0|0|41|6
29280716701|3|2|2|0|0|1|0|0|1|1|1|1|3|2|2|1|4|1|2|2|520|3|1|1|1|2|0|0|0|0|2|0|0
29280716801|3|2|1|1|0|0|0|0|1|1|1|2|3|2|2|1|1|1|2|2|0|3|1|1|2|2|0|0|0|0|2|2|1
29280716901|3|10|10|0|0|4|0|0|2|2|2|2|3|3|1|1|2|1|2|14|2349|3|1|2|1|1|9|0|1|0|0|0|0
29280717001|3|4|0|3|1|0|0|0|1|1|1|1|3|2|2|1|5|1|2|7|80|4|1|2|0|1|3|0|0|0|0|2|1
29280717101|3|3|2|0|1|0|0|0|1|1|1|1|3|2|2|1|5|1|2|6|406|4|1|2|0|1|2|0|0|0|0|0|0
29280717301|3|6|3|0|0|0|0|0|1|1|2|1|3|2|2|1|5|1|2|8|1170|3|1|1|0|1|3|0|0|0|0|0|0
29280717401|3|2|0|0|0|2|1|0|1|1|1|2|3|2|1|1|1|1|1|5|482|3|1|2|0|0|2|0|0|0|0|0|0
29280717502|3|7|7|0|0|0|0|2|1|2|2|2|3|2|1|1|7|1|1|7|950|3|1|1|0|4|4|0|2|0|0|0|0
29280717601|3|16|16|0|0|0|2|0|1|2|2|2|3|3|1|1|5|1|1|13|3200|4|1|1|10|2|14|0|0|0|1|0|0
29280717602|3|4|4|0|0|1|0|0|2|1|1|2|3|2|2|1|1|1|1|4|436|3|1|1|2|0|5|0|1|0|0|0|0
29280717612|3|2|2|0|0|2|0|0|1|2|2|1|3|1|2|1|1|1|1|2|107|3|2|2|0|0|3|0|1|0|0|0|0
29280717801|3|8|8|0|0|1|0|0|1|2|2|2|3|2|2|1|1|1|1|5|300|3|1|2|0|3|3|0|2|0|0|0|0
29280717902|3|3|0|0|2|3|0|0|1|1|1|1|3|2|2|1|5|1|2|5|300|4|1|2|0|2|2|0|0|0|0|0|0
29280718001|3|3|3|0|0|0|0|0|1|1|1|2|2|1|1|1|2|1|1|7|252|3|1|2|1|2|4|0|1|1|0|0|0
29280718101|3|10|10|0|0|1|0|0|1|1|2|1|3|2|1|1|1|1|2|8|800|3|1|2|0|0|12|0|1|2|0|0|0
29280718201|3|8|8|0|0|1|0|3|1|2|2|2|3|2|2|1|1|1|1|8|600|10|1|1|1|2|6|0|1|0|6|0|0
29280718404|3|5|5|0|0|1|0|0|1|1|1|1|3|2|1|1|2|1|2|1|0|1|1|1|0|1|4|0|0|0|0|0|0
29280718601|3|2|2|0|0|1|0|0|1|1|1|1|3|2|2|1|1|1|1|5|86|3|1|1|0|0|2|0|0|0|0|0|0
29280718701|3|2|0|0|2|0|0|0|1|1|1|1|3|2|2|1|1|1|1|2|250|4|1|2|0|0|1|0|0|1|0|0|0
29280718801|3|3|3|0|0|1|0|0|1|1|1|2|2|2|1|1|1|1|1|4|367|3|1|1|0|0|2|0|0|0|2|0|0
29280718901|3|1|1|0|0|0|0|0|1|1|0|1|3|2|2|1|7|1|2|3|200|4|1|2|0|1|1|0|0|0|0|2|1
29280719101|3|2|2|0|0|1|0|0|1|1|1|2|3|3|2|1|4|1|1|3|200|3|1|2|1|1|1|0|0|0|0|0|0
29280719401|3|4|4|0|0|1|0|0|1|1|1|2|2|2|1|1|4|1|2|4|800|3|1|2|0|2|1|0|0|0|0|0|0
29280719501|3|5|5|0|0|2|0|0|1|1|1|1|2|2|1|1|1|1|1|8|1095|3|1|1|0|1|4|0|0|0|0|0|0
29280719601|3|2|2|0|0|0|0|0|2|1|1|1|3|1|2|1|1|1|1|4|400|3|1|2|0|1|1|0|0|0|0|0|0
29280719701|3|3|3|0|0|0|0|0|1|0|1|1|3|2|2|1|1|1|2|3|150|3|1|2|0|0|2|0|0|0|0|0|0
29280719802|3|4|4|0|0|1|0|0|1|1|1|1|3|1|2|1|1|1|1|4|1006|3|1|1|0|0|4|0|1|0|0|0|0
29280719812|4|1|0|0|0|0|0|0|1|1|0|1|3|2|2|1|5|1|2|3|0|3|2|2|0|0|2|0|0|0|0|21|2
29280719813|3|2|2|0|0|0|0|0|1|1|1|1|3|1|2|1|1|1|1|2|100|3|2|2|2|0|3|0|0|0|0|0|0
29280719814|3|2|2|0|0|0|0|0|1|1|1|2|3|2|2|1|5|1|2|2|2|4|1|2|0|0|2|0|0|0|0|0|0
29280719824|3|6|6|0|0|1|0|0|1|1|1|1|3|2|1|1|1|1|2|6|166|3|1|2|0|3|1|0|0|0|0|0|0
29280719825|3|8|6|0|2|1|0|1|1|1|1|1|3|2|1|1|1|1|2|9|296|3|1|1|1|2|6|0|1|0|0|26|8
29280719827|3|5|4|0|0|0|0|0|1|1|1|1|3|2|2|1|5|1|2|8|331|3|1|1|2|1|5|0|0|0|0|0|0
29280719828|3|4|4|0|0|0|0|0|1|1|1|1|3|1|2|1|1|1|2|4|455|3|2|2|0|0|5|0|1|0|0|19|4
29280719831|3|10|10|0|0|2|0|0|2|2|3|1|3|2|1|1|1|1|1|10|700|3|1|1|5|3|11|0|1|0|0|6|1
29280719832|3|11|11|0|0|0|0|4|1|2|2|1|3|2|1|1|1|1|1|10|1200|3|1|2|1|2|8|0|1|0|0|0|0
29280719833|3|10|10|0|0|1|0|0|3|3|3|2|3|2|1|1|1|1|1|7|1520|3|1|1|6|2|6|0|1|0|0|0|0
29280719834|3|10|9|0|0|1|1|1|1|1|2|1|3|2|1|1|5|1|1|8|1396|3|1|1|0|1|8|0|1|0|0|0|0
29280719839|3|8|8|0|0|2|0|0|3|2|1|1|3|2|1|1|1|1|2|12|561|3|1|1|5|1|6|0|1|0|0|0|0
29280719902|3|2|2|0|0|0|0|0|1|1|1|2|3|2|2|1|1|1|1|4|66|3|1|1|0|0|3|0|0|0|0|0|0
29280719903|3|2|2|0|0|1|0|0|1|1|1|2|3|2|1|1|1|1|2|4|52|3|1|1|0|0|2|0|0|0|0|0|0
29280719910|3|3|0|0|3|0|0|2|1|1|1|1|3|2|1|1|1|1|2|5|480|3|1|1|1|2|0|0|0|0|0|2|1
29280720001|3|2|2|0|0|0|0|0|1|2|2|1|3|1|2|1|1|1|1|2|61|3|1|1|0|0|2|0|0|0|0|0|0
29280720101|3|2|2|0|0|3|0|0|1|1|1|2|3|2|1|1|1|1|2|3|209|3|1|1|0|1|1|0|0|1|1|0|0
29280720201|3|4|4|0|0|0|0|0|1|2|2|2|3|2|2|1|1|1|2|4|98|3|1|1|0|0|6|0|0|0|0|0|0
29280720202|3|4|4|0|0|0|0|0|1|1|1|2|3|2|2|1|1|1|2|4|150|3|1|1|0|0|3|0|0|0|0|12|3
29280720401|3|1|1|0|0|0|0|0|0|1|0|1|3|2|2|1|5|1|2|1|0|3|2|2|0|0|1|0|0|0|0|0|0
